cleaned_error_rank,strict_8class_evaluation,track_id,original_true_label,cleaned_true_label,pred_label,subjective_label,label_review_status,confidence,true_confidence,confidence_margin,mp3_path,sample_index,true_id,cleaned_true_id,pred_id,correct,cleaned_correct,review_rank,review_priority,true_label,split
1,True,45934,Experimental,Experimental,Instrumental,Experimental,in_domain,0.9492812752723694,0.0425322093069553,0.9067490696907043,data/fma_small/045/045934.mp3,1861,1,1,4,False,False,8.0,High,Experimental,test
2,True,58063,Experimental,Experimental,Electronic,Experimental,in_domain,0.9486360549926758,0.0321632362902164,0.9164727926254272,data/fma_small/058/058063.mp3,2492,1,1,0,False,False,9.0,High,Experimental,test
3,True,59581,International,International,Pop,International,in_domain,0.9364145398139954,0.0027469277847558,0.908483862876892,data/fma_small/059/059581.mp3,2535,5,5,6,False,False,12.0,High,International,test
4,True,143219,Rock,Rock,Pop,Rock,in_domain,0.9263705611228944,0.0149233220145106,0.9001182317733765,data/fma_small/143/143219.mp3,7580,7,7,6,False,False,17.0,High,Rock,test
5,True,116465,Experimental,Experimental,Electronic,Experimental,in_domain,0.9207164645195008,0.0006766582955606,0.8848769664764404,data/fma_small/116/116465.mp3,5553,1,1,0,False,False,19.0,High,Experimental,test
6,True,63626,Experimental,Experimental,Folk,Experimental,in_domain,0.919789731502533,0.0023133913055062,0.8777492642402649,data/fma_small/063/063626.mp3,2750,1,1,2,False,False,20.0,High,Experimental,test
7,True,80516,Instrumental,Instrumental,Rock,Instrumental,in_domain,0.9181504845619202,0.0259290095418691,0.8922214508056641,data/fma_small/080/080516.mp3,3583,4,4,7,False,False,22.0,High,Instrumental,test
8,True,10699,Hip-Hop,Hip-Hop,Electronic,Hip-Hop,in_domain,0.9171266555786132,0.0034437885042279,0.8581491708755493,data/fma_small/010/010699.mp3,464,3,3,0,False,False,23.0,High,Hip-Hop,test
9,True,109106,Experimental,Experimental,Rock,Experimental,in_domain,0.9097909927368164,0.0593558140099048,0.850435197353363,data/fma_small/109/109106.mp3,4913,1,1,7,False,False,25.0,High,Experimental,test
10,True,130956,Folk,Folk,Pop,Folk,in_domain,0.9049040675163268,0.0150608094409108,0.8570166826248169,data/fma_small/130/130956.mp3,6778,2,2,6,False,False,29.0,High,Folk,test
11,True,139638,Experimental,Experimental,Instrumental,Experimental,in_domain,0.902233898639679,0.0486235208809375,0.8536103963851929,data/fma_small/139/139638.mp3,7342,1,1,4,False,False,34.0,High,Experimental,test
12,True,122474,Pop,Rock,Electronic,Rock,in_domain,0.9013730883598328,0.0144161954522132,0.8625226616859436,data/fma_small/122/122474.mp3,5987,6,7,0,False,False,36.0,High,Pop,test
13,True,130347,Folk,Experimental,International,Experimental,in_domain,0.9003236889839172,0.0122680068016052,0.8678165674209595,data/fma_small/130/130347.mp3,6731,2,1,5,False,False,38.0,High,Folk,test
14,True,114544,Electronic,Electronic,Pop,Electronic,in_domain,0.8980854153633118,0.012120347470045,0.860902726650238,data/fma_small/114/114544.mp3,5418,0,0,6,False,False,40.0,Medium,Electronic,test
15,True,64858,Experimental,Experimental,Electronic,Experimental,in_domain,0.8686273694038391,0.0640530213713646,0.8045743703842163,data/fma_small/064/064858.mp3,2838,1,1,0,False,False,47.0,Medium,Experimental,test
16,True,134796,Instrumental,International,Hip-Hop,International,in_domain,0.8531578183174133,0.0062235444784164,0.7926151752471924,data/fma_small/134/134796.mp3,7089,4,5,3,False,False,55.0,Medium,Instrumental,test
17,True,44799,Experimental,Experimental,Electronic,Experimental,in_domain,0.8510156273841858,0.0388262085616588,0.8121894001960754,data/fma_small/044/044799.mp3,1793,1,1,0,False,False,58.0,Medium,Experimental,test
18,True,56029,Electronic,Electronic,Pop,Electronic,in_domain,0.8405995965003967,0.0316165573894977,0.7970616221427917,data/fma_small/056/056029.mp3,2362,0,0,6,False,False,62.0,Medium,Electronic,test
19,True,70773,Hip-Hop,Experimental,Electronic,Experimental,in_domain,0.8387252688407898,0.0393793284893035,0.79621422290802,data/fma_small/070/070773.mp3,3135,3,1,0,False,False,65.0,Medium,Hip-Hop,test
20,True,13930,Folk,Folk,International,Folk,in_domain,0.8250420093536377,0.0545091181993484,0.7405563592910767,data/fma_small/013/013930.mp3,673,2,2,5,False,False,71.0,Medium,Folk,test
21,True,57938,Experimental,Experimental,Hip-Hop,Experimental,in_domain,0.8212984204292297,0.0407976396381855,0.7535955309867859,data/fma_small/057/057938.mp3,2483,1,1,3,False,False,72.0,Medium,Experimental,test
22,True,137054,Electronic,Electronic,International,Electronic,in_domain,0.8182342648506165,0.1363420039415359,0.6818922758102417,data/fma_small/137/137054.mp3,7199,0,0,5,False,False,74.0,Medium,Electronic,test
23,True,35443,Folk,Folk,Pop,Folk,in_domain,0.8181350231170654,0.0837616249918937,0.7343733906745911,data/fma_small/035/035443.mp3,1347,2,2,6,False,False,75.0,Medium,Folk,test
24,True,44797,Experimental,Experimental,Pop,Experimental,in_domain,0.8080474734306335,0.0406804271042346,0.7348139882087708,data/fma_small/044/044797.mp3,1791,1,1,6,False,False,79.0,Medium,Experimental,test
25,True,131797,Instrumental,Experimental,Folk,Experimental,in_domain,0.8025498390197754,0.0505912452936172,0.7493196725845337,data/fma_small/131/131797.mp3,6840,4,1,2,False,False,82.0,Medium,Instrumental,test
26,True,54664,Pop,Experimental,Folk,Experimental,in_domain,0.7950109839439392,0.0970642566680908,0.6979467272758484,data/fma_small/054/054664.mp3,2276,6,1,2,False,False,85.0,Medium,Pop,test
27,True,44804,Experimental,Experimental,Rock,Experimental,in_domain,0.790751039981842,0.0045039560645818,0.6699314713478088,data/fma_small/044/044804.mp3,1798,1,1,7,False,False,88.0,Medium,Experimental,test
28,True,39484,Experimental,Experimental,Instrumental,Experimental,in_domain,0.7873407006263733,0.0675306841731071,0.6826293468475342,data/fma_small/039/039484.mp3,1539,1,1,4,False,False,90.0,Medium,Experimental,test
29,True,30090,Experimental,Experimental,Electronic,Experimental,in_domain,0.7745473980903625,0.0623805411159992,0.7023388147354126,data/fma_small/030/030090.mp3,1222,1,1,0,False,False,93.0,Medium,Experimental,test
30,True,129884,International,International,Hip-Hop,International,in_domain,0.7647364139556885,0.1599591225385666,0.6047772765159607,data/fma_small/129/129884.mp3,6691,5,5,3,False,False,97.0,Medium,International,test
31,True,119118,Experimental,Experimental,Pop,Experimental,in_domain,0.7630638480186462,0.1199710443615913,0.6430928111076355,data/fma_small/119/119118.mp3,5724,1,1,6,False,False,98.0,Medium,Experimental,test
32,True,130711,Hip-Hop,Hip-Hop,International,Hip-Hop,in_domain,0.7621094584465027,0.1768432855606079,0.5852661728858948,data/fma_small/130/130711.mp3,6753,3,3,5,False,False,99.0,Medium,Hip-Hop,test
33,True,126319,Instrumental,Experimental,Electronic,Experimental,in_domain,0.7565430998802185,0.0845189988613128,0.6578657031059265,data/fma_small/126/126319.mp3,6340,4,1,0,False,False,100.0,Medium,Instrumental,test
34,True,32332,Pop,Pop,Folk,Pop,in_domain,0.7523303031921387,0.1287750154733657,0.6235553026199341,data/fma_small/032/032332.mp3,1271,6,6,2,False,False,103.0,Medium,Pop,test
35,True,85400,Experimental,Experimental,Rock,Experimental,in_domain,0.749284029006958,0.1931229829788208,0.5561610460281372,data/fma_small/085/085400.mp3,3786,1,1,7,False,False,106.0,Low,Experimental,test
36,True,141874,Electronic,Experimental,Rock,Experimental,in_domain,0.7454795837402344,0.0667381286621093,0.6391229033470154,data/fma_small/141/141874.mp3,7470,0,1,7,False,False,110.0,Low,Electronic,test
37,True,108882,Instrumental,Instrumental,Experimental,Instrumental,in_domain,0.7392255663871765,0.078670248389244,0.6448454260826111,data/fma_small/108/108882.mp3,4897,4,4,1,False,False,112.0,Low,Instrumental,test
38,True,44805,Pop,Pop,Instrumental,Pop,in_domain,0.7392125129699707,0.1140850186347961,0.6251274943351746,data/fma_small/044/044805.mp3,1799,6,6,4,False,False,113.0,Low,Pop,test
39,True,12109,International,International,Folk,International,in_domain,0.7365312576293945,0.0582123510539531,0.6642253398895264,data/fma_small/012/012109.mp3,582,5,5,2,False,False,114.0,Low,International,test
40,True,113270,International,International,Pop,International,in_domain,0.7284433841705322,0.028970992192626,0.5957132577896118,data/fma_small/113/113270.mp3,5245,5,5,6,False,False,116.0,Low,International,test
41,True,46241,Experimental,Experimental,Pop,Experimental,in_domain,0.7274946570396423,0.0269979294389486,0.6327567100524902,data/fma_small/046/046241.mp3,1876,1,1,6,False,False,117.0,Low,Experimental,test
42,True,9560,Rock,Rock,Pop,Rock,in_domain,0.7259233593940735,0.0812812969088554,0.5737473368644714,data/fma_small/009/009560.mp3,401,7,7,6,False,False,119.0,Low,Rock,test
43,True,29741,Experimental,Experimental,Electronic,Experimental,in_domain,0.7184258103370667,0.0241083409637212,0.5764309167861938,data/fma_small/029/029741.mp3,1203,1,1,0,False,False,122.0,Low,Experimental,test
44,True,67558,Rock,Rock,Pop,Rock,in_domain,0.7158544063568115,0.1618258506059646,0.5540285706520081,data/fma_small/067/067558.mp3,2957,7,7,6,False,False,124.0,Low,Rock,test
45,True,40903,Rock,Rock,Folk,Rock,in_domain,0.7143210768699646,0.0443916767835617,0.5906654596328735,data/fma_small/040/040903.mp3,1605,7,7,2,False,False,127.0,Low,Rock,test
46,True,47202,Experimental,Experimental,International,Experimental,in_domain,0.7103450894355774,0.0750626996159553,0.5961957573890686,data/fma_small/047/047202.mp3,1919,1,1,5,False,False,129.0,Low,Experimental,test
47,True,40655,Instrumental,Instrumental,Experimental,Instrumental,in_domain,0.7071854472160339,0.095988392829895,0.6111970543861389,data/fma_small/040/040655.mp3,1592,4,4,1,False,False,132.0,Low,Instrumental,test
48,True,114395,Rock,Rock,Instrumental,Rock,in_domain,0.703262984752655,0.0741691887378692,0.620916485786438,data/fma_small/114/114395.mp3,5388,7,7,4,False,False,135.0,Low,Rock,test
49,True,82242,Experimental,Experimental,Electronic,Experimental,in_domain,0.7027301788330078,0.2208480983972549,0.481882095336914,data/fma_small/082/082242.mp3,3663,1,1,0,False,False,136.0,Low,Experimental,test
50,True,120150,Experimental,Experimental,Folk,Experimental,in_domain,0.698437511920929,0.107344202697277,0.5844986438751221,data/fma_small/120/120150.mp3,5780,1,1,2,False,False,139.0,Low,Experimental,test
51,True,1703,Folk,Experimental,Instrumental,Experimental,in_domain,0.6975793838500977,0.171856477856636,0.5257229208946228,data/fma_small/001/001703.mp3,107,2,1,4,False,False,141.0,Low,Folk,test
52,True,115321,Electronic,International,Hip-Hop,International,in_domain,0.6894965767860413,0.1024104580283165,0.5870861411094666,data/fma_small/115/115321.mp3,5454,0,5,3,False,False,145.0,Low,Electronic,test
53,True,86680,Hip-Hop,Experimental,Pop,Experimental,in_domain,0.6886395812034607,0.0188953857868909,0.5578066110610962,data/fma_small/086/086680.mp3,3888,3,1,6,False,False,146.0,Low,Hip-Hop,test
54,True,11790,Hip-Hop,Hip-Hop,Electronic,Hip-Hop,in_domain,0.6807767748832703,0.2482953071594238,0.4324814677238464,data/fma_small/011/011790.mp3,538,3,3,0,False,False,148.0,Low,Hip-Hop,test
55,True,110274,Experimental,Experimental,Instrumental,Experimental,in_domain,0.6748595833778381,0.1689435988664627,0.5059159994125366,data/fma_small/110/110274.mp3,5006,1,1,4,False,False,150.0,Low,Experimental,test
56,True,152258,International,Experimental,Electronic,Experimental,in_domain,0.6734344959259033,0.2108415365219116,0.4625929594039917,data/fma_small/152/152258.mp3,7970,5,1,0,False,False,151.0,Low,International,test
57,True,81600,Instrumental,Instrumental,Electronic,Instrumental,in_domain,0.6683492660522461,0.2407529950141906,0.4275962710380554,data/fma_small/081/081600.mp3,3640,4,4,0,False,False,152.0,Low,Instrumental,test
58,True,113809,Pop,Pop,International,Pop,in_domain,0.6678500175476074,0.2272552996873855,0.440594732761383,data/fma_small/113/113809.mp3,5293,6,6,5,False,False,153.0,Low,Pop,test
59,True,51278,Pop,Pop,Rock,Pop,in_domain,0.6611157059669495,0.0427213609218597,0.5694301128387451,data/fma_small/051/051278.mp3,2078,6,6,7,False,False,155.0,Low,Pop,test
60,True,12530,Pop,Pop,Instrumental,Pop,in_domain,0.6587884426116943,0.0405584387481212,0.4272831082344055,data/fma_small/012/012530.mp3,618,6,6,4,False,False,158.0,Low,Pop,test
61,True,122673,Instrumental,Instrumental,Electronic,Instrumental,in_domain,0.6564050316810608,0.182646095752716,0.4737589359283447,data/fma_small/122/122673.mp3,6025,4,4,0,False,False,161.0,Low,Instrumental,test
62,True,76076,International,International,Folk,International,in_domain,0.6513543725013733,0.0306250508874654,0.4282074570655823,data/fma_small/076/076076.mp3,3510,5,5,2,False,False,166.0,Low,International,test
63,True,113973,Electronic,Electronic,Pop,Electronic,in_domain,0.6427739262580872,0.0495078079402446,0.5257825255393982,data/fma_small/113/113973.mp3,5307,0,0,6,False,False,172.0,Low,Electronic,test
64,True,11675,International,International,Folk,International,in_domain,0.6391802430152893,0.0399641431868076,0.4666591882705688,data/fma_small/011/011675.mp3,505,5,5,2,False,False,174.0,Low,International,test
65,True,116709,Experimental,Experimental,Instrumental,Experimental,in_domain,0.6360742449760437,0.0435437448322773,0.4144821166992187,data/fma_small/116/116709.mp3,5575,1,1,4,False,False,176.0,Low,Experimental,test
66,True,47192,Experimental,Experimental,Rock,Experimental,in_domain,0.6320269703865051,0.1453942656517028,0.4866327047348022,data/fma_small/047/047192.mp3,1909,1,1,7,False,False,177.0,Low,Experimental,test
67,True,120514,Instrumental,Instrumental,Pop,Instrumental,in_domain,0.6225175261497498,0.114644855260849,0.5050824284553528,data/fma_small/120/120514.mp3,5846,4,4,6,False,False,185.0,Low,Instrumental,test
68,True,43869,Hip-Hop,Rock,Electronic,Rock,in_domain,0.6211993098258972,0.1870443373918533,0.4341549873352051,data/fma_small/043/043869.mp3,1764,3,7,0,False,False,186.0,Low,Hip-Hop,test
69,True,57823,Hip-Hop,Electronic,Pop,Electronic,in_domain,0.6189334392547607,0.1458436697721481,0.4730897545814514,data/fma_small/057/057823.mp3,2478,3,0,6,False,False,188.0,Low,Hip-Hop,test
70,True,108297,Rock,Rock,Pop,Rock,in_domain,0.6167895793914795,0.28390833735466,0.3328812420368194,data/fma_small/108/108297.mp3,4795,7,7,6,False,False,190.0,Low,Rock,test
71,True,105683,Hip-Hop,Hip-Hop,Experimental,Hip-Hop,in_domain,0.6118816137313843,0.2116438597440719,0.4002377390861511,data/fma_small/105/105683.mp3,4606,3,3,1,False,False,192.0,Low,Hip-Hop,test
72,True,24983,Experimental,Experimental,Pop,Experimental,in_domain,0.6053983569145203,0.1494151949882507,0.4559831619262695,data/fma_small/024/024983.mp3,1014,1,1,6,False,False,195.0,Low,Experimental,test
73,True,127187,Pop,Pop,Folk,Pop,in_domain,0.6031978726387024,0.3105902969837188,0.2926075756549835,data/fma_small/127/127187.mp3,6457,6,6,2,False,False,199.0,Low,Pop,test
74,True,143216,Rock,Rock,Pop,Rock,in_domain,0.6014646887779236,0.0779102742671966,0.3382126986980438,data/fma_small/143/143216.mp3,7577,7,7,6,False,False,201.0,Low,Rock,test
75,True,57937,Experimental,Experimental,Pop,Experimental,in_domain,0.6013346314430237,0.0498180277645587,0.4247298836708069,data/fma_small/057/057937.mp3,2482,1,1,6,False,False,202.0,Low,Experimental,test
76,True,27803,Experimental,Experimental,Electronic,Experimental,in_domain,0.6002810597419739,0.037476610392332,0.3578562140464782,data/fma_small/027/027803.mp3,1133,1,1,0,False,False,203.0,Low,Experimental,test
77,True,69182,Pop,Pop,Electronic,Pop,in_domain,0.5937654376029968,0.0445622988045215,0.2868898510932922,data/fma_small/069/069182.mp3,3039,6,6,0,False,False,205.0,Low,Pop,test
78,True,58140,Folk,Folk,Rock,Folk,in_domain,0.5930138230323792,0.0407678075134754,0.4323883652687073,data/fma_small/058/058140.mp3,2499,2,2,7,False,False,207.0,Low,Folk,test
79,True,141288,Instrumental,Instrumental,Electronic,Instrumental,in_domain,0.5891311168670654,0.0933153852820396,0.438833475112915,data/fma_small/141/141288.mp3,7437,4,4,0,False,False,210.0,Low,Instrumental,test
80,True,123763,Instrumental,Instrumental,Experimental,Instrumental,in_domain,0.5876978039741516,0.3587990701198578,0.2288987338542938,data/fma_small/123/123763.mp3,6098,4,4,1,False,False,212.0,Low,Instrumental,test
81,True,13220,Pop,Pop,Hip-Hop,Pop,in_domain,0.5807303786277771,0.0711233988404274,0.4395153522491455,data/fma_small/013/013220.mp3,636,6,6,3,False,False,218.0,Low,Pop,test
82,True,38967,Experimental,Experimental,Pop,Experimental,in_domain,0.5781440138816833,0.308537483215332,0.2696065306663513,data/fma_small/038/038967.mp3,1527,1,1,6,False,False,221.0,Low,Experimental,test
83,True,135990,Electronic,Electronic,Hip-Hop,Electronic,in_domain,0.5778695940971375,0.1628366857767105,0.4150329232215881,data/fma_small/135/135990.mp3,7168,0,0,3,False,False,222.0,Low,Electronic,test
84,True,64365,Pop,Pop,International,Pop,in_domain,0.5767061710357666,0.2462623119354248,0.3304438591003418,data/fma_small/064/064365.mp3,2788,6,6,5,False,False,223.0,Low,Pop,test
85,True,61668,Hip-Hop,Instrumental,International,Instrumental,in_domain,0.5749378800392151,0.1129726395010948,0.4177585244178772,data/fma_small/061/061668.mp3,2654,3,4,5,False,False,224.0,Low,Hip-Hop,test
86,True,40659,Instrumental,Instrumental,International,Instrumental,in_domain,0.5731115937232971,0.0117931989952921,0.1878161132335662,data/fma_small/040/040659.mp3,1596,4,4,5,False,False,228.0,Low,Instrumental,test
87,True,22097,Pop,Pop,Folk,Pop,in_domain,0.5724429488182068,0.0739004388451576,0.2989008724689483,data/fma_small/022/022097.mp3,924,6,6,2,False,False,229.0,Low,Pop,test
88,True,14576,Instrumental,Instrumental,Pop,Instrumental,in_domain,0.5715036392211914,0.2369465380907058,0.3345571160316467,data/fma_small/014/014576.mp3,697,4,4,6,False,False,230.0,Low,Instrumental,test
89,True,141561,Hip-Hop,Hip-Hop,Pop,Hip-Hop,in_domain,0.5707547664642334,0.3427684605121612,0.2279863059520721,data/fma_small/141/141561.mp3,7452,3,3,6,False,False,231.0,Low,Hip-Hop,test
90,True,133020,Electronic,Electronic,Instrumental,Electronic,in_domain,0.5681983828544617,0.1156240925192833,0.4348161816596985,data/fma_small/133/133020.mp3,6945,0,0,4,False,False,233.0,Low,Electronic,test
91,True,1735,Experimental,Experimental,Folk,Experimental,in_domain,0.5664188265800476,0.0613840408623218,0.3489604592323303,data/fma_small/001/001735.mp3,113,1,1,2,False,False,234.0,Low,Experimental,test
92,True,143215,Rock,Rock,Pop,Rock,in_domain,0.5646543502807617,0.3205289840698242,0.2441253662109375,data/fma_small/143/143215.mp3,7576,7,7,6,False,False,237.0,Low,Rock,test
93,True,85836,Electronic,Electronic,Pop,Electronic,in_domain,0.5631254315376282,0.0487015359103679,0.4131323099136352,data/fma_small/085/085836.mp3,3835,0,0,6,False,False,238.0,Low,Electronic,test
94,True,122190,Rock,Rock,Pop,Rock,in_domain,0.5614112019538879,0.1136137247085571,0.3463994264602661,data/fma_small/122/122190.mp3,5959,7,7,6,False,False,240.0,Low,Rock,test
95,True,90027,Experimental,Experimental,Instrumental,Experimental,in_domain,0.5582976937294006,0.3126421868801117,0.2456555068492889,data/fma_small/090/090027.mp3,4029,1,1,4,False,False,242.0,Low,Experimental,test
96,True,18887,Rock,Rock,Pop,Rock,in_domain,0.5580693483352661,0.3673688471317291,0.190700501203537,data/fma_small/018/018887.mp3,831,7,7,6,False,False,243.0,Low,Rock,test
97,True,56801,Electronic,Electronic,Experimental,Electronic,in_domain,0.5549423694610596,0.029101513326168,0.4342773258686065,data/fma_small/056/056801.mp3,2425,0,0,1,False,False,244.0,Low,Electronic,test
98,True,126602,Experimental,Experimental,Pop,Experimental,in_domain,0.5520153045654297,0.2216529846191406,0.330362319946289,data/fma_small/126/126602.mp3,6399,1,1,6,False,False,245.0,Low,Experimental,test
99,True,132272,Experimental,Experimental,Electronic,Experimental,in_domain,0.5477446913719177,0.3033506870269775,0.2443940043449401,data/fma_small/132/132272.mp3,6897,1,1,0,False,False,247.0,Low,Experimental,test
100,True,90589,Pop,Experimental,Electronic,Experimental,in_domain,0.5467344522476196,0.1267677098512649,0.4199667572975158,data/fma_small/090/090589.mp3,4041,6,1,0,False,False,248.0,Low,Pop,test
101,True,123977,Hip-Hop,Experimental,Electronic,Experimental,in_domain,0.5465166568756104,0.1176627650856971,0.3660603165626526,data/fma_small/123/123977.mp3,6128,3,1,0,False,False,249.0,Low,Hip-Hop,test
102,True,22474,Pop,Pop,Folk,Pop,in_domain,0.544454038143158,0.3459169566631317,0.1985370814800262,data/fma_small/022/022474.mp3,932,6,6,2,False,False,252.0,Low,Pop,test
103,True,47506,Folk,Folk,Pop,Folk,in_domain,0.540252149105072,0.3410408198833465,0.1992113292217254,data/fma_small/047/047506.mp3,1922,2,2,6,False,False,256.0,Low,Folk,test
104,True,40940,Rock,Rock,Pop,Rock,in_domain,0.5371975898742676,0.3592580258846283,0.1779395639896392,data/fma_small/040/040940.mp3,1609,7,7,6,False,False,257.0,Low,Rock,test
105,True,44946,International,International,Pop,International,in_domain,0.5366451144218445,0.2202455252408981,0.3163995742797851,data/fma_small/044/044946.mp3,1814,5,5,6,False,False,258.0,Low,International,test
106,True,53379,Hip-Hop,Hip-Hop,Pop,Hip-Hop,in_domain,0.5364990830421448,0.2991640567779541,0.2373350262641906,data/fma_small/053/053379.mp3,2188,3,3,6,False,False,259.0,Low,Hip-Hop,test
107,True,12527,Pop,Rock,Folk,Rock,in_domain,0.5359682440757751,0.2926402986049652,0.2433279454708099,data/fma_small/012/012527.mp3,617,6,7,2,False,False,260.0,Low,Pop,test
108,True,69223,Electronic,Electronic,Hip-Hop,Electronic,in_domain,0.5335718393325806,0.1081009730696678,0.3820259273052215,data/fma_small/069/069223.mp3,3062,0,0,3,False,False,261.0,Low,Electronic,test
109,True,100799,Rock,Rock,Pop,Rock,in_domain,0.5333206057548523,0.3574533760547638,0.1758672297000885,data/fma_small/100/100799.mp3,4522,7,7,6,False,False,262.0,Low,Rock,test
110,True,108020,Instrumental,Instrumental,Experimental,Instrumental,in_domain,0.5321069359779358,0.407592624425888,0.1245143115520477,data/fma_small/108/108020.mp3,4775,4,4,1,False,False,264.0,Low,Instrumental,test
111,True,106569,Rock,Rock,Folk,Rock,in_domain,0.53179931640625,0.0574232824146747,0.2933276295661926,data/fma_small/106/106569.mp3,4650,7,7,2,False,False,265.0,Low,Rock,test
112,True,14603,International,International,Folk,International,in_domain,0.5317162275314331,0.3643873035907745,0.1673289239406585,data/fma_small/014/014603.mp3,712,5,5,2,False,False,266.0,Low,International,test
113,True,113275,International,International,Pop,International,in_domain,0.5316944718360901,0.0042687314562499,0.1608827710151672,data/fma_small/113/113275.mp3,5250,5,5,6,False,False,267.0,Low,International,test
114,True,34510,Experimental,Experimental,Instrumental,Experimental,in_domain,0.5279918909072876,0.3647323548793793,0.1632595360279083,data/fma_small/034/034510.mp3,1334,1,1,4,False,False,270.0,Low,Experimental,test
115,True,122201,Experimental,Experimental,Instrumental,Experimental,in_domain,0.5263358950614929,0.3021645247936249,0.224171370267868,data/fma_small/122/122201.mp3,5961,1,1,4,False,False,273.0,Low,Experimental,test
116,True,64809,Folk,Folk,Experimental,Folk,in_domain,0.5247700810432434,0.2157278507947921,0.30904221534729,data/fma_small/064/064809.mp3,2830,2,2,1,False,False,274.0,Low,Folk,test
117,True,108839,Hip-Hop,Hip-Hop,Pop,Hip-Hop,in_domain,0.5197157263755798,0.1512725502252578,0.3350265622138977,data/fma_small/108/108839.mp3,4879,3,3,6,False,False,279.0,Low,Hip-Hop,test
118,True,106948,Rock,Rock,Pop,Rock,in_domain,0.5165458917617798,0.1224261224269867,0.2946999669075012,data/fma_small/106/106948.mp3,4658,7,7,6,False,False,280.0,Low,Rock,test
119,True,126587,Instrumental,Instrumental,Pop,Instrumental,in_domain,0.516170859336853,0.2169741839170456,0.2991966605186462,data/fma_small/126/126587.mp3,6393,4,4,6,False,False,281.0,Low,Instrumental,test
120,True,139681,Experimental,Experimental,Instrumental,Experimental,in_domain,0.5156015157699585,0.465288758277893,0.0503127574920654,data/fma_small/139/139681.mp3,7344,1,1,4,False,False,282.0,Low,Experimental,test
121,True,57627,Experimental,Experimental,Instrumental,Experimental,in_domain,0.5136286616325378,0.2331967204809188,0.2804319262504577,data/fma_small/057/057627.mp3,2460,1,1,4,False,False,283.0,Low,Experimental,test
122,True,98077,Rock,Rock,Pop,Rock,in_domain,0.5094928741455078,0.2870275974273681,0.2224652767181396,data/fma_small/098/098077.mp3,4388,7,7,6,False,False,284.0,Low,Rock,test
123,True,89376,Experimental,Experimental,Folk,Experimental,in_domain,0.5091635584831238,0.3570586740970611,0.1521048843860626,data/fma_small/089/089376.mp3,4001,1,1,2,False,False,285.0,Low,Experimental,test
124,True,56015,Experimental,Experimental,Rock,Experimental,in_domain,0.5081655979156494,0.0683488547801971,0.312735915184021,data/fma_small/056/056015.mp3,2359,1,1,7,False,False,286.0,Low,Experimental,test
125,True,137171,Instrumental,Instrumental,Electronic,Instrumental,in_domain,0.5081579089164734,0.3418530523777008,0.1663048565387725,data/fma_small/137/137171.mp3,7207,4,4,0,False,False,287.0,Low,Instrumental,test
126,True,41709,Experimental,Experimental,Pop,Experimental,in_domain,0.5068482756614685,0.0615168660879135,0.3203103542327881,data/fma_small/041/041709.mp3,1627,1,1,6,False,False,288.0,Low,Experimental,test
127,True,60045,International,International,Instrumental,International,in_domain,0.5066413283348083,0.0483480542898178,0.1948865354061126,data/fma_small/060/060045.mp3,2588,5,5,4,False,False,289.0,Low,International,test
128,True,126598,Rock,Experimental,International,Experimental,in_domain,0.5054778456687927,0.0519969873130321,0.2986741065979004,data/fma_small/126/126598.mp3,6396,7,1,5,False,False,291.0,Low,Rock,test
129,True,73792,Pop,Pop,Rock,Pop,in_domain,0.505100429058075,0.3458439409732818,0.1592564880847931,data/fma_small/073/073792.mp3,3355,6,6,7,False,False,292.0,Low,Pop,test
130,True,91471,Pop,Pop,Rock,Pop,in_domain,0.5041344165802002,0.2713876068592071,0.232746809720993,data/fma_small/091/091471.mp3,4109,6,6,7,False,False,294.0,Low,Pop,test
131,True,126674,Rock,Rock,Pop,Rock,in_domain,0.5034593939781189,0.0462600737810134,0.0948891043663024,data/fma_small/126/126674.mp3,6414,7,7,6,False,False,295.0,Low,Rock,test
132,True,12049,Folk,Experimental,Instrumental,Experimental,in_domain,0.5026270747184753,0.1548096388578415,0.3350682258605957,data/fma_small/012/012049.mp3,568,2,1,4,False,False,296.0,Low,Folk,test
133,True,121475,Instrumental,Instrumental,Experimental,Instrumental,in_domain,0.5012238621711731,0.2711673378944397,0.2300565242767334,data/fma_small/121/121475.mp3,5890,4,4,1,False,False,297.0,Low,Instrumental,test
134,True,57639,Folk,Folk,International,Folk,in_domain,0.4990452229976654,0.0589972473680973,0.2320430874824524,data/fma_small/057/057639.mp3,2464,2,2,5,False,False,298.0,Low,Folk,test
135,True,13362,Pop,Pop,International,Pop,in_domain,0.4965373277664184,0.3051555752754211,0.1913817524909973,data/fma_small/013/013362.mp3,639,6,6,5,False,False,300.0,Low,Pop,test
136,True,107571,Folk,Folk,Pop,Folk,in_domain,0.4954149723052978,0.2082951217889785,0.2871198654174804,data/fma_small/107/107571.mp3,4723,2,2,6,False,False,301.0,Low,Folk,test
137,True,4102,International,International,Rock,International,in_domain,0.4929783344268799,0.3492091596126556,0.1437691748142242,data/fma_small/004/004102.mp3,210,5,5,7,False,False,305.0,Low,International,test
138,True,25804,International,International,Pop,International,in_domain,0.4917000532150268,0.4595024585723877,0.0321975946426391,data/fma_small/025/025804.mp3,1048,5,5,6,False,False,306.0,Low,International,test
139,True,43860,Hip-Hop,Hip-Hop,Experimental,Hip-Hop,in_domain,0.489802211523056,0.1079615950584411,0.1295365095138549,data/fma_small/043/043860.mp3,1757,3,3,1,False,False,307.0,Low,Hip-Hop,test
140,True,6802,International,International,Pop,International,in_domain,0.48714080452919,0.0427484847605228,0.1199989914894104,data/fma_small/006/006802.mp3,333,5,5,6,False,False,308.0,Low,International,test
141,True,116029,Electronic,Electronic,Pop,Electronic,in_domain,0.4865807592868805,0.0660133436322212,0.2145549654960632,data/fma_small/116/116029.mp3,5512,0,0,6,False,False,309.0,Low,Electronic,test
142,True,145742,Hip-Hop,Hip-Hop,International,Hip-Hop,in_domain,0.4856666028499603,0.4539128541946411,0.0317537486553192,data/fma_small/145/145742.mp3,7731,3,3,5,False,False,310.0,Low,Hip-Hop,test
143,True,97793,Experimental,Experimental,Pop,Experimental,in_domain,0.4853024482727051,0.2666954100131988,0.2186070382595062,data/fma_small/097/097793.mp3,4360,1,1,6,False,False,311.0,Low,Experimental,test
144,True,143217,Rock,Pop,Folk,Pop,in_domain,0.4848614633083343,0.0440083257853984,0.1495798528194427,data/fma_small/143/143217.mp3,7578,7,6,2,False,False,312.0,Low,Rock,test
145,True,136276,Instrumental,Instrumental,Rock,Instrumental,in_domain,0.4809230864048004,0.0646854117512703,0.1279826164245605,data/fma_small/136/136276.mp3,7176,4,4,7,False,False,316.0,Low,Instrumental,test
146,True,133978,Instrumental,Experimental,Rock,Experimental,in_domain,0.4805895984172821,0.0778291895985603,0.3092984557151794,data/fma_small/133/133978.mp3,7049,4,1,7,False,False,317.0,Low,Instrumental,test
147,True,26307,Experimental,Experimental,Pop,Experimental,in_domain,0.4805087149143219,0.3081996142864227,0.1723091006278991,data/fma_small/026/026307.mp3,1071,1,1,6,False,False,318.0,Low,Experimental,test
148,True,51260,Pop,Pop,Electronic,Pop,in_domain,0.478454440832138,0.4337258338928222,0.0447286069393157,data/fma_small/051/051260.mp3,2064,6,6,0,False,False,321.0,Low,Pop,test
149,True,51918,Folk,Folk,Pop,Folk,in_domain,0.4729879200458526,0.3297373652458191,0.1432505548000335,data/fma_small/051/051918.mp3,2091,2,2,6,False,False,325.0,Low,Folk,test
150,True,147086,Experimental,Instrumental,Pop,Instrumental,in_domain,0.4727453291416168,0.0712809637188911,0.2667530179023742,data/fma_small/147/147086.mp3,7801,1,4,6,False,False,326.0,Low,Experimental,test
151,True,45151,Electronic,Experimental,Hip-Hop,Experimental,in_domain,0.4716769158840179,0.2595901191234588,0.212086796760559,data/fma_small/045/045151.mp3,1835,0,1,3,False,False,327.0,Low,Electronic,test
152,True,86576,Experimental,Experimental,International,Experimental,in_domain,0.4649885594844818,0.0713392347097396,0.2381770312786102,data/fma_small/086/086576.mp3,3883,1,1,5,False,False,329.0,Low,Experimental,test
153,True,38560,International,Experimental,Pop,Experimental,in_domain,0.4648226201534271,0.0329607017338275,0.2524985074996948,data/fma_small/038/038560.mp3,1462,5,1,6,False,False,330.0,Low,International,test
154,True,82890,Experimental,Experimental,Instrumental,Experimental,in_domain,0.4633696973323822,0.2769500315189361,0.186419665813446,data/fma_small/082/082890.mp3,3678,1,1,4,False,False,331.0,Low,Experimental,test
155,True,993,Rock,Rock,Pop,Rock,in_domain,0.459336370229721,0.0601846426725387,0.1351738572120666,data/fma_small/000/000993.mp3,58,7,7,6,False,False,332.0,Low,Rock,test
156,True,120296,Instrumental,Instrumental,Pop,Instrumental,in_domain,0.4592301845550537,0.2643173038959503,0.1949128806591034,data/fma_small/120/120296.mp3,5801,4,4,6,False,False,333.0,Low,Instrumental,test
157,True,106937,Folk,Folk,Experimental,Folk,in_domain,0.4559202194213867,0.3614860475063324,0.0944341719150543,data/fma_small/106/106937.mp3,4657,2,2,1,False,False,336.0,Low,Folk,test
158,True,46068,Experimental,Experimental,Pop,Experimental,in_domain,0.4539088308811188,0.0182565934956073,0.1498105525970459,data/fma_small/046/046068.mp3,1866,1,1,6,False,False,338.0,Low,Experimental,test
159,True,82464,Rock,Rock,Pop,Rock,in_domain,0.4519137442111969,0.1363451480865478,0.2457596361637115,data/fma_small/082/082464.mp3,3667,7,7,6,False,False,340.0,Low,Rock,test
160,True,111395,Pop,Pop,Hip-Hop,Pop,in_domain,0.4495894610881805,0.4220948219299316,0.0274946391582489,data/fma_small/111/111395.mp3,5118,6,6,3,False,False,343.0,Low,Pop,test
161,True,101119,International,International,Pop,International,in_domain,0.4492997229099273,0.0255326088517904,0.1003893017768859,data/fma_small/101/101119.mp3,4536,5,5,6,False,False,344.0,Low,International,test
162,True,97980,Hip-Hop,Hip-Hop,Pop,Hip-Hop,in_domain,0.447599321603775,0.3552499711513519,0.0923493504524231,data/fma_small/097/097980.mp3,4379,3,3,6,False,False,345.0,Low,Hip-Hop,test
163,True,148076,International,International,Electronic,International,in_domain,0.4475750923156738,0.2374088317155838,0.21016626060009,data/fma_small/148/148076.mp3,7827,5,5,0,False,False,346.0,Low,International,test
164,True,122620,Rock,Rock,Folk,Rock,in_domain,0.4432523250579834,0.0784273445606231,0.0247141420841217,data/fma_small/122/122620.mp3,6000,7,7,2,False,False,349.0,Low,Rock,test
165,True,124918,Electronic,Electronic,Pop,Electronic,in_domain,0.4429784715175628,0.0561936646699905,0.2565493583679199,data/fma_small/124/124918.mp3,6195,0,0,6,False,False,350.0,Low,Electronic,test
166,True,108460,Pop,Rock,International,Rock,in_domain,0.4428772032260895,0.3477797508239746,0.0950974524021148,data/fma_small/108/108460.mp3,4830,6,7,5,False,False,351.0,Low,Pop,test
167,True,105672,Electronic,Electronic,Experimental,Electronic,in_domain,0.4420346021652221,0.0913220345973968,0.2367989271879196,data/fma_small/105/105672.mp3,4602,0,0,1,False,False,352.0,Low,Electronic,test
168,True,147085,Experimental,Experimental,Pop,Experimental,in_domain,0.4411307871341705,0.2056083232164383,0.2355224639177322,data/fma_small/147/147085.mp3,7800,1,1,6,False,False,354.0,Low,Experimental,test
169,True,29043,Electronic,Electronic,Hip-Hop,Electronic,in_domain,0.4399171769618988,0.3009904623031616,0.1389267146587371,data/fma_small/029/029043.mp3,1175,0,0,3,False,False,355.0,Low,Electronic,test
170,True,25063,Experimental,Experimental,Pop,Experimental,in_domain,0.4395612776279449,0.0596993453800678,0.2434573620557785,data/fma_small/025/025063.mp3,1022,1,1,6,False,False,357.0,Low,Experimental,test
171,True,32759,Pop,Pop,Folk,Pop,in_domain,0.4391013085842132,0.0508817099034786,0.1200124025344848,data/fma_small/032/032759.mp3,1294,6,6,2,False,False,358.0,Low,Pop,test
172,True,94449,Hip-Hop,Hip-Hop,Experimental,Hip-Hop,in_domain,0.4386708438396454,0.12773098051548,0.0397756993770599,data/fma_small/094/094449.mp3,4245,3,3,1,False,False,359.0,Low,Hip-Hop,test
173,True,127194,Folk,Folk,Pop,Folk,in_domain,0.4335500001907348,0.2478102445602417,0.1776455640792846,data/fma_small/127/127194.mp3,6464,2,2,6,False,False,360.0,Low,Folk,test
174,True,117884,Rock,Rock,Pop,Rock,in_domain,0.4317463338375091,0.4246323108673095,0.0071140229701995,data/fma_small/117/117884.mp3,5639,7,7,6,False,False,362.0,Low,Rock,test
175,True,104725,Experimental,Experimental,Folk,Experimental,in_domain,0.4291110932826996,0.2616653144359588,0.1674457788467407,data/fma_small/104/104725.mp3,4580,1,1,2,False,False,363.0,Low,Experimental,test
176,True,111311,Rock,Rock,Experimental,Rock,in_domain,0.4289670288562774,0.3059987723827362,0.1229682564735412,data/fma_small/111/111311.mp3,5096,7,7,1,False,False,364.0,Low,Rock,test
177,True,64594,Experimental,Experimental,Electronic,Experimental,in_domain,0.4278818070888519,0.225202277302742,0.2026795297861099,data/fma_small/064/064594.mp3,2814,1,1,0,False,False,365.0,Low,Experimental,test
178,True,80389,Instrumental,Instrumental,Experimental,Instrumental,in_domain,0.4237954318523407,0.1952837258577346,0.1056623458862304,data/fma_small/080/080389.mp3,3580,4,4,1,False,False,367.0,Low,Instrumental,test
179,True,714,Folk,Experimental,Instrumental,Experimental,in_domain,0.422360748052597,0.029583066701889,0.1382165849208831,data/fma_small/000/000714.mp3,45,2,1,4,False,False,369.0,Low,Folk,test
180,True,67661,Rock,Experimental,Electronic,Experimental,in_domain,0.4212469160556793,0.0112191140651702,0.0114752650260925,data/fma_small/067/067661.mp3,2966,7,1,0,False,False,371.0,Low,Rock,test
181,True,75437,Instrumental,Experimental,Pop,Experimental,in_domain,0.4210604131221771,0.0395308174192905,0.1737817674875259,data/fma_small/075/075437.mp3,3453,4,1,6,False,False,372.0,Low,Instrumental,test
182,True,90618,Instrumental,Instrumental,Folk,Instrumental,in_domain,0.420436292886734,0.4190388023853302,0.0013974905014038,data/fma_small/090/090618.mp3,4047,4,4,2,False,False,373.0,Low,Instrumental,test
183,True,27855,Folk,Experimental,Rock,Experimental,in_domain,0.4179041385650635,0.0552183985710144,0.1405371725559234,data/fma_small/027/027855.mp3,1136,2,1,7,False,False,375.0,Low,Folk,test
184,True,97548,Electronic,Electronic,International,Electronic,in_domain,0.4176292717456817,0.1913550347089767,0.226274237036705,data/fma_small/097/097548.mp3,4346,0,0,5,False,False,376.0,Low,Electronic,test
185,True,148082,Experimental,Experimental,Folk,Experimental,in_domain,0.4169236123561859,0.0570898205041885,0.2555688619613647,data/fma_small/148/148082.mp3,7831,1,1,2,False,False,377.0,Low,Experimental,test
186,True,136706,Rock,Rock,Pop,Rock,in_domain,0.4155833423137665,0.3018379807472229,0.1137453615665435,data/fma_small/136/136706.mp3,7192,7,7,6,False,False,378.0,Low,Rock,test
187,True,98297,Rock,Rock,Pop,Rock,in_domain,0.4124650061130523,0.2748431861400604,0.1376218199729919,data/fma_small/098/098297.mp3,4402,7,7,6,False,False,379.0,Low,Rock,test
188,True,54234,Pop,Pop,Folk,Pop,in_domain,0.4122258424758911,0.2213069945573806,0.1909188479185104,data/fma_small/054/054234.mp3,2235,6,6,2,False,False,380.0,Low,Pop,test
189,True,55290,Pop,Pop,Folk,Pop,in_domain,0.4114628136157989,0.0937062501907348,0.1672215908765792,data/fma_small/055/055290.mp3,2317,6,6,2,False,False,381.0,Low,Pop,test
190,True,64625,Hip-Hop,Experimental,Pop,Experimental,in_domain,0.4086388051509857,0.0454012341797351,0.2034505307674408,data/fma_small/064/064625.mp3,2818,3,1,6,False,False,383.0,Low,Hip-Hop,test
191,True,144733,Electronic,Experimental,Rock,Experimental,in_domain,0.4075206220149994,0.0074989167042076,0.2251370996236801,data/fma_small/144/144733.mp3,7648,0,1,7,False,False,384.0,Low,Electronic,test
192,True,51919,Folk,Rock,Pop,Rock,in_domain,0.4048007726669311,0.2313924431800842,0.1734083294868469,data/fma_small/051/051919.mp3,2092,2,7,6,False,False,385.0,Low,Folk,test
193,True,114069,Instrumental,Instrumental,Experimental,Instrumental,in_domain,0.3999959528446197,0.333305686712265,0.0666902661323547,data/fma_small/114/114069.mp3,5329,4,4,1,False,False,388.0,Low,Instrumental,test
194,True,90529,Instrumental,Instrumental,Folk,Instrumental,in_domain,0.3972295820713043,0.3304955065250397,0.0667340755462646,data/fma_small/090/090529.mp3,4034,4,4,2,False,False,390.0,Low,Instrumental,test
195,True,29813,Rock,Rock,Pop,Rock,in_domain,0.3940394818782806,0.1315643638372421,0.2133715450763702,data/fma_small/029/029813.mp3,1212,7,7,6,False,False,391.0,Low,Rock,test
196,True,148132,Instrumental,Instrumental,Hip-Hop,Instrumental,in_domain,0.3939798176288605,0.2225366830825805,0.1063519120216369,data/fma_small/148/148132.mp3,7841,4,4,3,False,False,392.0,Low,Instrumental,test
197,True,79087,Experimental,Experimental,Instrumental,Experimental,in_domain,0.3919153213500976,0.1925130486488342,0.0215570628643035,data/fma_small/079/079087.mp3,3553,1,1,4,False,False,393.0,Low,Experimental,test
198,True,45515,Folk,Folk,Experimental,Folk,in_domain,0.3915541172027588,0.3572020232677459,0.0343520939350128,data/fma_small/045/045515.mp3,1852,2,2,1,False,False,394.0,Low,Folk,test
199,True,14653,Rock,Rock,Folk,Rock,in_domain,0.3907581269741058,0.0626215115189552,0.0001640319824218,data/fma_small/014/014653.mp3,714,7,7,2,False,False,395.0,Low,Rock,test
200,True,143186,Experimental,Experimental,International,Experimental,in_domain,0.3906863927841186,0.0299892593175172,0.0268186032772064,data/fma_small/143/143186.mp3,7574,1,1,5,False,False,396.0,Low,Experimental,test
201,True,65265,Experimental,Experimental,Pop,Experimental,in_domain,0.388423889875412,0.0770771726965904,0.1598312556743621,data/fma_small/065/065265.mp3,2871,1,1,6,False,False,397.0,Low,Experimental,test
202,True,109276,Experimental,Experimental,Instrumental,Experimental,in_domain,0.3880775272846222,0.2197598963975906,0.1615971177816391,data/fma_small/109/109276.mp3,4919,1,1,4,False,False,398.0,Low,Experimental,test
203,True,30198,Experimental,Experimental,Electronic,Experimental,in_domain,0.3877022266387939,0.1865168064832687,0.1343894302845001,data/fma_small/030/030198.mp3,1226,1,1,0,False,False,399.0,Low,Experimental,test
204,True,35571,Rock,Rock,Pop,Rock,in_domain,0.3862446546554565,0.1973456889390945,0.1402945965528488,data/fma_small/035/035571.mp3,1362,7,7,6,False,False,401.0,Low,Rock,test
205,True,136994,International,International,Pop,International,in_domain,0.3855303525924682,0.2450741380453109,0.1404562145471573,data/fma_small/136/136994.mp3,7197,5,5,6,False,False,402.0,Low,International,test
206,True,182,Rock,Rock,Pop,Rock,in_domain,0.3855025470256805,0.187475323677063,0.1672268062829971,data/fma_small/000/000182.mp3,6,7,7,6,False,False,403.0,Low,Rock,test
207,True,131789,Instrumental,Instrumental,Hip-Hop,Instrumental,in_domain,0.3853868544101715,0.0184905380010604,0.1213898956775665,data/fma_small/131/131789.mp3,6834,4,4,3,False,False,404.0,Low,Instrumental,test
208,True,133977,Instrumental,Instrumental,Pop,Instrumental,in_domain,0.3827030956745147,0.1365498304367065,0.125621348619461,data/fma_small/133/133977.mp3,7048,4,4,6,False,False,405.0,Low,Instrumental,test
209,True,122107,Experimental,Experimental,Electronic,Experimental,in_domain,0.3824476301670074,0.0215529073029756,0.1851320415735244,data/fma_small/122/122107.mp3,5952,1,1,0,False,False,406.0,Low,Experimental,test
210,True,52375,Pop,Experimental,Hip-Hop,Experimental,in_domain,0.3819893896579742,0.1210285425186157,0.0716521739959716,data/fma_small/052/052375.mp3,2124,6,1,3,False,False,408.0,Low,Pop,test
211,True,70300,Electronic,Electronic,Pop,Electronic,in_domain,0.381883293390274,0.0340040624141693,0.1354684382677078,data/fma_small/070/070300.mp3,3117,0,0,6,False,False,409.0,Low,Electronic,test
212,True,75785,Rock,Instrumental,International,Instrumental,in_domain,0.3785323202610016,0.0413214676082134,0.1698690503835678,data/fma_small/075/075785.mp3,3479,7,4,5,False,False,410.0,Low,Rock,test
213,True,56496,Hip-Hop,Hip-Hop,International,Hip-Hop,in_domain,0.3768587112426758,0.0802622810006141,0.1295258849859237,data/fma_small/056/056496.mp3,2386,3,3,5,False,False,411.0,Low,Hip-Hop,test
214,True,3921,Folk,Folk,Pop,Folk,in_domain,0.3742488920688629,0.3665263652801513,0.0077225267887115,data/fma_small/003/003921.mp3,178,2,2,6,False,False,412.0,Low,Folk,test
215,True,85840,Electronic,Electronic,Instrumental,Electronic,in_domain,0.3740940392017364,0.2715576887130737,0.1025363504886627,data/fma_small/085/085840.mp3,3839,0,0,4,False,False,414.0,Low,Electronic,test
216,True,109191,Instrumental,Instrumental,Electronic,Instrumental,in_domain,0.3733827173709869,0.0834141746163368,0.1239684969186782,data/fma_small/109/109191.mp3,4916,4,4,0,False,False,415.0,Low,Instrumental,test
217,True,20050,Rock,Rock,Folk,Rock,in_domain,0.3723186254501343,0.0603592507541179,0.066225916147232,data/fma_small/020/020050.mp3,866,7,7,2,False,False,416.0,Low,Rock,test
218,True,32756,Folk,Folk,Pop,Folk,in_domain,0.3691134452819824,0.1587771624326706,0.1660805493593216,data/fma_small/032/032756.mp3,1293,2,2,6,False,False,417.0,Low,Folk,test
219,True,72200,Electronic,Electronic,Pop,Electronic,in_domain,0.366720050573349,0.2355424016714096,0.1311776489019394,data/fma_small/072/072200.mp3,3236,0,0,6,False,False,418.0,Low,Electronic,test
220,True,1276,Experimental,Experimental,Pop,Experimental,in_domain,0.3643109798431396,0.2197672128677368,0.1445437669754028,data/fma_small/001/001276.mp3,79,1,1,6,False,False,419.0,Low,Experimental,test
221,True,122648,Instrumental,Instrumental,Folk,Instrumental,in_domain,0.3618209064006805,0.1352361142635345,0.1236874014139175,data/fma_small/122/122648.mp3,6019,4,4,2,False,False,420.0,Low,Instrumental,test
222,True,125375,Pop,Experimental,International,Experimental,in_domain,0.3609919548034668,0.2005556225776672,0.1604363322257995,data/fma_small/125/125375.mp3,6242,6,1,5,False,False,421.0,Low,Pop,test
223,True,11784,Hip-Hop,Hip-Hop,Electronic,Hip-Hop,in_domain,0.3596451580524444,0.3265704214572906,0.0330747365951538,data/fma_small/011/011784.mp3,532,3,3,0,False,False,423.0,Low,Hip-Hop,test
224,True,52039,Pop,Experimental,Electronic,Experimental,in_domain,0.3563743829727173,0.2111681699752807,0.0283630490303039,data/fma_small/052/052039.mp3,2105,6,1,0,False,False,425.0,Low,Pop,test
225,True,16995,Rock,Rock,Folk,Rock,in_domain,0.3546101152896881,0.1278366595506668,0.1576654016971588,data/fma_small/016/016995.mp3,779,7,7,2,False,False,426.0,Low,Rock,test
226,True,63289,Instrumental,Instrumental,Experimental,Instrumental,in_domain,0.3539360463619232,0.2617461383342743,0.0351156592369079,data/fma_small/063/063289.mp3,2741,4,4,1,False,False,427.0,Low,Instrumental,test
227,True,71175,Hip-Hop,Hip-Hop,Pop,Hip-Hop,in_domain,0.3534007966518402,0.3404770791530609,0.0129237174987792,data/fma_small/071/071175.mp3,3150,3,3,6,False,False,428.0,Low,Hip-Hop,test
228,True,118923,Electronic,Electronic,Experimental,Electronic,in_domain,0.3511512279510498,0.0649817436933517,0.0336117446422576,data/fma_small/118/118923.mp3,5704,0,0,1,False,False,429.0,Low,Electronic,test
229,True,26658,Electronic,Electronic,Rock,Electronic,in_domain,0.3476152122020721,0.2377198934555053,0.1098953187465667,data/fma_small/026/026658.mp3,1093,0,0,7,False,False,430.0,Low,Electronic,test
230,True,69768,Folk,Folk,Instrumental,Folk,in_domain,0.3466802835464477,0.3203546106815338,0.0263256728649139,data/fma_small/069/069768.mp3,3086,2,2,4,False,False,431.0,Low,Folk,test
231,True,99311,Electronic,Electronic,Pop,Electronic,in_domain,0.3421962559223175,0.1367735415697097,0.0492616295814514,data/fma_small/099/099311.mp3,4475,0,0,6,False,False,433.0,Low,Electronic,test
232,True,127204,Pop,Folk,Rock,Folk,in_domain,0.3399946987628937,0.2310314029455185,0.0697501003742218,data/fma_small/127/127204.mp3,6466,6,2,7,False,False,434.0,Low,Pop,test
233,True,1102,Rock,Rock,International,Rock,in_domain,0.3382344245910644,0.1712802201509475,0.1669542044401168,data/fma_small/001/001102.mp3,71,7,7,5,False,False,435.0,Low,Rock,test
234,True,38557,Rock,Rock,International,Rock,in_domain,0.3371878862380981,0.1909379810094833,0.1282646209001541,data/fma_small/038/038557.mp3,1461,7,7,5,False,False,436.0,Low,Rock,test
235,True,10672,Rock,Experimental,Hip-Hop,Experimental,in_domain,0.3321270644664764,0.1615078598260879,0.1245301663875579,data/fma_small/010/010672.mp3,448,7,1,3,False,False,438.0,Low,Rock,test
236,True,33123,Electronic,Rock,Instrumental,Rock,in_domain,0.3265783488750458,0.0465161949396133,0.0969018638134002,data/fma_small/033/033123.mp3,1308,0,7,4,False,False,440.0,Low,Electronic,test
237,True,63900,Hip-Hop,Hip-Hop,Folk,Hip-Hop,in_domain,0.3227835595607757,0.0500569231808185,0.0869457274675369,data/fma_small/063/063900.mp3,2762,3,3,2,False,False,442.0,Low,Hip-Hop,test
238,True,10186,International,International,Pop,International,in_domain,0.3181292116641998,0.0505118183791637,0.0276324152946472,data/fma_small/010/010186.mp3,409,5,5,6,False,False,444.0,Low,International,test
239,True,83507,Pop,Pop,Folk,Pop,in_domain,0.3146599233150482,0.2370837181806564,0.0775762051343917,data/fma_small/083/083507.mp3,3698,6,6,2,False,False,446.0,Low,Pop,test
240,True,12047,Folk,Folk,Instrumental,Folk,in_domain,0.3133577406406402,0.2387194186449051,0.0658139735460281,data/fma_small/012/012047.mp3,566,2,2,4,False,False,447.0,Low,Folk,test
241,True,75443,Instrumental,Instrumental,Folk,Instrumental,in_domain,0.3107925951480865,0.210954949259758,0.0536547005176544,data/fma_small/075/075443.mp3,3459,4,4,2,False,False,448.0,Low,Instrumental,test
242,True,4101,International,International,Pop,International,in_domain,0.3098697960376739,0.2586048543453216,0.0324193239212036,data/fma_small/004/004101.mp3,209,5,5,6,False,False,449.0,Low,International,test
243,True,64553,Folk,Folk,Experimental,Folk,in_domain,0.308976799249649,0.1962093561887741,0.1127674430608749,data/fma_small/064/064553.mp3,2807,2,2,1,False,False,450.0,Low,Folk,test
244,True,93727,Electronic,Electronic,Pop,Electronic,in_domain,0.3067972660064697,0.2480138093233108,0.0268513858318328,data/fma_small/093/093727.mp3,4204,0,0,6,False,False,451.0,Low,Electronic,test
245,True,56648,Rock,Rock,Pop,Rock,in_domain,0.304037481546402,0.2320830076932907,0.0719544738531112,data/fma_small/056/056648.mp3,2404,7,7,6,False,False,452.0,Low,Rock,test
246,True,27975,International,International,Instrumental,International,in_domain,0.301212340593338,0.1926575452089309,0.0320367217063903,data/fma_small/027/027975.mp3,1141,5,5,4,False,False,453.0,Low,International,test
247,True,113970,Electronic,Electronic,Pop,Electronic,in_domain,0.2994141280651092,0.1995020508766174,0.0999120771884918,data/fma_small/113/113970.mp3,5304,0,0,6,False,False,454.0,Low,Electronic,test
248,True,111394,Pop,Experimental,Hip-Hop,Experimental,in_domain,0.2910598814487457,0.2572722434997558,0.0306863188743591,data/fma_small/111/111394.mp3,5117,6,1,3,False,False,455.0,Low,Pop,test
249,True,146018,Instrumental,Instrumental,Experimental,Instrumental,in_domain,0.2908297777175903,0.0343781970441341,0.1151757091283798,data/fma_small/146/146018.mp3,7758,4,4,1,False,False,456.0,Low,Instrumental,test
250,True,149842,Experimental,Experimental,Electronic,Experimental,in_domain,0.2887064814567566,0.0608869902789592,0.0912939459085464,data/fma_small/149/149842.mp3,7947,1,1,0,False,False,457.0,Low,Experimental,test
251,True,66649,Pop,Experimental,Rock,Experimental,in_domain,0.2882601618766784,0.2584693729877472,0.0297907888889312,data/fma_small/066/066649.mp3,2912,6,1,7,False,False,458.0,Low,Pop,test
252,True,132781,Pop,Pop,Experimental,Pop,in_domain,0.2824451625347137,0.2184616327285766,0.0353177487850189,data/fma_small/132/132781.mp3,6923,6,6,1,False,False,459.0,Low,Pop,test
253,True,56802,Electronic,Electronic,Instrumental,Electronic,in_domain,0.2804080247879028,0.1157798767089843,0.0648879259824752,data/fma_small/056/056802.mp3,2426,0,0,4,False,False,460.0,Low,Electronic,test
254,True,4095,International,Instrumental,Rock,Instrumental,in_domain,0.2793150842189789,0.1215847954154014,0.0862744748592376,data/fma_small/004/004095.mp3,203,5,4,7,False,False,461.0,Low,International,test
255,True,110649,Instrumental,Rock,Pop,Rock,in_domain,0.2716050446033478,0.1039823591709137,0.0650664865970611,data/fma_small/110/110649.mp3,5033,4,7,6,False,False,463.0,Low,Instrumental,test
256,True,124424,Folk,Rock,Experimental,Rock,in_domain,0.2640601694583893,0.2367586642503738,0.0273015052080154,data/fma_small/124/124424.mp3,6154,2,7,1,False,False,464.0,Low,Folk,test
257,True,148429,International,International,Rock,International,in_domain,0.253356784582138,0.152809202671051,0.0143283307552337,data/fma_small/148/148429.mp3,7871,5,5,7,False,False,465.0,Low,International,test
258,True,126415,Instrumental,Instrumental,International,Instrumental,in_domain,0.2511152029037475,0.1826805919408798,0.0075650215148925,data/fma_small/126/126415.mp3,6362,4,4,5,False,False,466.0,Low,Instrumental,test
259,True,67332,Pop,Pop,Rock,Pop,in_domain,0.2510488927364349,0.1885469406843185,0.0178618133068084,data/fma_small/067/067332.mp3,2934,6,6,7,False,False,467.0,Low,Pop,test
260,True,110654,Instrumental,Instrumental,Rock,Instrumental,in_domain,0.2506173551082611,0.0856174305081367,0.0172244757413864,data/fma_small/110/110654.mp3,5038,4,4,7,False,False,468.0,Low,Instrumental,test
261,True,76129,Pop,Pop,International,Pop,in_domain,0.2269016355276107,0.223364308476448,0.0035373270511627,data/fma_small/076/076129.mp3,3516,6,6,5,False,False,469.0,Low,Pop,test
262,False,105685,Hip-Hop,Hip-Hop,International,Speech,out_of_taxonomy,0.977633774280548,0.0029975206125527,0.9678934812545776,data/fma_small/105/105685.mp3,4607,3,3,5,False,False,3.0,High,Hip-Hop,test
263,False,50449,Rock,Rock,International,Speech,out_of_taxonomy,0.9088432192802428,0.0018365588039159,0.8645811676979065,data/fma_small/050/050449.mp3,2040,7,7,5,False,False,26.0,High,Rock,test
264,False,24701,International,International,Experimental,Speech,out_of_taxonomy,0.4414113461971283,0.4341187477111816,0.0072925984859466,data/fma_small/024/024701.mp3,993,5,5,1,False,False,353.0,Low,International,test
